JANELAS,MDA_MULT,MDA_SENT,MDA_COUNT
1,1.0,0.0,1.0
2,1.0,0.0,1.0
3,0.5,0.0,0.5
4,0.5,0.5,0.5
5,1.0,1.0,1.0
6,1.0,1.0,1.0
7,1.0,0.5,1.0
8,1.0,0.5,1.0
9,1.0,1.0,1.0
10,1.0,1.0,1.0
11,1.0,1.0,1.0
12,1.0,1.0,1.0
13,1.0,1.0,1.0
14,1.0,1.0,1.0
15,1.0,1.0,1.0
16,1.0,1.0,1.0
17,1.0,1.0,1.0
18,1.0,1.0,1.0
19,1.0,1.0,1.0
20,1.0,1.0,1.0
21,1.0,1.0,1.0
22,1.0,1.0,1.0
23,1.0,1.0,1.0
